timeStamp,elapsed,label,responseCode,responseMessage,threadName,dataType,success,failureMessage,bytes,sentBytes,grpThreads,allThreads,URL,Latency,IdleTime,Connect
1776968834366,672,Request,200,OK,Stress Testing 1-1,text,true,,231,158,1,1,http://127.0.0.1:8081/?token=518499015&user=-1355216422&config=3,666,0,10
1776968836843,814,Request,200,OK,Stress Testing 1-2,text,true,,231,158,2,2,http://127.0.0.1:8081/?token=518499015&user=-1355216422&config=3,814,0,1
1776968837331,646,Request,200,OK,Stress Testing 1-1,text,true,,231,158,2,2,http://127.0.0.1:8081/?token=518499015&user=-1355216422&config=3,646,0,0
1776968839410,754,Request,200,OK,Stress Testing 1-3,text,true,,231,158,3,3,http://127.0.0.1:8081/?token=518499015&user=-1355216422&config=3,754,0,0
1776968839845,806,Request,200,OK,Stress Testing 1-2,text,true,,231,158,3,3,http://127.0.0.1:8081/?token=518499015&user=-1355216422&config=3,806,0,0
1776968840331,643,Request,200,OK,Stress Testing 1-1,text,true,,231,158,3,3,http://127.0.0.1:8081/?token=518499015&user=-1355216422&config=3,643,0,0
1776968841985,750,Request,200,OK,Stress Testing 1-4,text,true,,231,158,4,4,http://127.0.0.1:8081/?token=518499015&user=-1355216422&config=3,750,0,2
1776968842414,749,Request,200,OK,Stress Testing 1-3,text,true,,231,158,4,4,http://127.0.0.1:8081/?token=518499015&user=-1355216422&config=3,749,0,0
1776968842845,802,Request,200,OK,Stress Testing 1-2,text,true,,231,158,4,4,http://127.0.0.1:8081/?token=518499015&user=-1355216422&config=3,802,0,0
1776968843332,649,Request,200,OK,Stress Testing 1-1,text,true,,231,158,4,4,http://127.0.0.1:8081/?token=518499015&user=-1355216422&config=3,649,0,0
1776968844555,745,Request,200,OK,Stress Testing 1-5,text,true,,231,158,5,5,http://127.0.0.1:8081/?token=518499015&user=-1355216422&config=3,745,0,2
1776968844987,741,Request,200,OK,Stress Testing 1-4,text,true,,231,158,5,5,http://127.0.0.1:8081/?token=518499015&user=-1355216422&config=3,741,0,0
1776968845410,761,Request,200,OK,Stress Testing 1-3,text,true,,231,158,5,5,http://127.0.0.1:8081/?token=518499015&user=-1355216422&config=3,761,0,0
1776968845846,802,Request,200,OK,Stress Testing 1-2,text,true,,231,158,5,5,http://127.0.0.1:8081/?token=518499015&user=-1355216422&config=3,802,0,0
1776968846331,645,Request,200,OK,Stress Testing 1-1,text,true,,231,158,5,5,http://127.0.0.1:8081/?token=518499015&user=-1355216422&config=3,645,0,0
1776968847123,750,Request,200,OK,Stress Testing 1-6,text,true,,231,158,6,6,http://127.0.0.1:8081/?token=518499015&user=-1355216422&config=3,750,0,1
1776968847556,749,Request,200,OK,Stress Testing 1-5,text,true,,231,158,6,6,http://127.0.0.1:8081/?token=518499015&user=-1355216422&config=3,749,0,0
1776968847988,751,Request,200,OK,Stress Testing 1-4,text,true,,231,158,6,6,http://127.0.0.1:8081/?token=518499015&user=-1355216422&config=3,751,0,0
1776968848416,742,Request,200,OK,Stress Testing 1-3,text,true,,231,158,6,6,http://127.0.0.1:8081/?token=518499015&user=-1355216422&config=3,742,0,0
1776968848847,798,Request,200,OK,Stress Testing 1-2,text,true,,231,158,6,6,http://127.0.0.1:8081/?token=518499015&user=-1355216422&config=3,797,0,0
1776968849329,694,Request,200,OK,Stress Testing 1-1,text,true,,231,158,7,7,http://127.0.0.1:8081/?token=518499015&user=-1355216422&config=3,694,0,0
1776968849695,741,Request,200,OK,Stress Testing 1-7,text,true,,231,158,7,7,http://127.0.0.1:8081/?token=518499015&user=-1355216422&config=3,741,0,2
1776968850121,752,Request,200,OK,Stress Testing 1-6,text,true,,231,158,7,7,http://127.0.0.1:8081/?token=518499015&user=-1355216422&config=3,752,0,0
1776968850558,754,Request,200,OK,Stress Testing 1-5,text,true,,231,158,7,7,http://127.0.0.1:8081/?token=518499015&user=-1355216422&config=3,754,0,0
1776968850983,749,Request,200,OK,Stress Testing 1-4,text,true,,231,158,7,7,http://127.0.0.1:8081/?token=518499015&user=-1355216422&config=3,749,0,0
1776968851415,751,Request,200,OK,Stress Testing 1-3,text,true,,231,158,7,7,http://127.0.0.1:8081/?token=518499015&user=-1355216422&config=3,751,0,0
1776968851847,1072,Request,200,OK,Stress Testing 1-2,text,true,,231,158,8,8,http://127.0.0.1:8081/?token=518499015&user=-1355216422&config=3,1071,0,0
1776968852267,963,Request,200,OK,Stress Testing 1-8,text,true,,231,158,8,8,http://127.0.0.1:8081/?token=518499015&user=-1355216422&config=3,962,0,1
1776968852332,1223,Request,200,OK,Stress Testing 1-1,text,true,,231,158,8,8,http://127.0.0.1:8081/?token=518499015&user=-1355216422&config=3,1223,0,0
1776968852698,1182,Request,200,OK,Stress Testing 1-7,text,true,,231,158,8,8,http://127.0.0.1:8081/?token=518499015&user=-1355216422&config=3,1182,0,0
1776968853122,764,Request,200,OK,Stress Testing 1-6,text,true,,231,158,8,8,http://127.0.0.1:8081/?token=518499015&user=-1355216422&config=3,764,0,0
1776968853556,748,Request,200,OK,Stress Testing 1-5,text,true,,231,158,8,8,http://127.0.0.1:8081/?token=518499015&user=-1355216422&config=3,748,0,0
1776968853988,744,Request,200,OK,Stress Testing 1-4,text,true,,231,158,8,8,http://127.0.0.1:8081/?token=518499015&user=-1355216422&config=3,744,0,0
1776968854415,1075,Request,200,OK,Stress Testing 1-3,text,true,,231,158,9,9,http://127.0.0.1:8081/?token=518499015&user=-1355216422&config=3,1075,0,0
1776968854838,1275,Request,200,OK,Stress Testing 1-9,text,true,,231,158,9,9,http://127.0.0.1:8081/?token=518499015&user=-1355216422&config=3,1275,0,1
1776968854845,1607,Request,200,OK,Stress Testing 1-2,text,true,,231,158,9,9,http://127.0.0.1:8081/?token=518499015&user=-1355216422&config=3,1607,0,0
1776968855270,1495,Request,200,OK,Stress Testing 1-8,text,true,,231,158,9,9,http://127.0.0.1:8081/?token=518499015&user=-1355216422&config=3,1495,0,0
1776968855330,1753,Request,200,OK,Stress Testing 1-1,text,true,,231,158,9,9,http://127.0.0.1:8081/?token=518499015&user=-1355216422&config=3,1753,0,0
1776968855699,1693,Request,200,OK,Stress Testing 1-7,text,true,,231,158,9,9,http://127.0.0.1:8081/?token=518499015&user=-1355216422&config=3,1693,0,0
1776968856126,1282,Request,200,OK,Stress Testing 1-6,text,true,,231,158,10,10,http://127.0.0.1:8081/?token=518499015&user=-1355216422&config=3,1282,0,0
1776968856558,1489,Request,200,OK,Stress Testing 1-5,text,true,,231,158,10,10,http://127.0.0.1:8081/?token=518499015&user=-1355216422&config=3,1489,0,0
1776968856988,1673,Request,200,OK,Stress Testing 1-4,text,true,,231,158,10,10,http://127.0.0.1:8081/?token=518499015&user=-1355216422&config=3,1673,0,0
1776968857406,1894,Request,200,OK,Stress Testing 1-10,text,true,,231,158,10,10,http://127.0.0.1:8081/?token=518499015&user=-1355216422&config=3,1893,0,1
1776968857411,1889,Request,200,OK,Stress Testing 1-3,text,true,,231,158,10,10,http://127.0.0.1:8081/?token=518499015&user=-1355216422&config=3,1889,0,0
1776968857847,2103,Request,200,OK,Stress Testing 1-2,text,true,,231,158,10,10,http://127.0.0.1:8081/?token=518499015&user=-1355216422&config=3,2103,0,0
1776968857839,2111,Request,200,OK,Stress Testing 1-9,text,true,,231,158,10,10,http://127.0.0.1:8081/?token=518499015&user=-1355216422&config=3,2111,0,0
1776968858270,2018,Request,200,OK,Stress Testing 1-8,text,true,,231,158,11,11,http://127.0.0.1:8081/?token=518499015&user=-1355216422&config=3,2018,0,0
1776968858331,1957,Request,200,OK,Stress Testing 1-1,text,true,,231,158,11,11,http://127.0.0.1:8081/?token=518499015&user=-1355216422&config=3,1957,0,0
1776968858699,1930,Request,200,OK,Stress Testing 1-7,text,true,,231,158,11,11,http://127.0.0.1:8081/?token=518499015&user=-1355216422&config=3,1930,0,0
1776968859124,2121,Request,200,OK,Stress Testing 1-6,text,true,,231,158,11,11,http://127.0.0.1:8081/?token=518499015&user=-1355216422&config=3,2121,0,0
1776968859560,2329,Request,200,OK,Stress Testing 1-5,text,true,,231,158,11,11,http://127.0.0.1:8081/?token=518499015&user=-1355216422&config=3,2329,0,0
1776968859988,1901,Request,200,OK,Stress Testing 1-4,text,true,,231,158,11,11,http://127.0.0.1:8081/?token=518499015&user=-1355216422&config=3,1901,0,0
1776968860410,2739,Request,200,OK,Stress Testing 1-10,text,true,,231,158,12,12,http://127.0.0.1:8081/?token=518499015&user=-1355216422&config=3,2739,0,0
1776968860411,2738,Request,200,OK,Stress Testing 1-3,text,true,,231,158,12,12,http://127.0.0.1:8081/?token=518499015&user=-1355216422&config=3,2738,0,0
1776968860846,2644,Request,200,OK,Stress Testing 1-2,text,true,,231,158,12,12,http://127.0.0.1:8081/?token=518499015&user=-1355216422&config=3,2644,0,0
1776968860839,2651,Request,200,OK,Stress Testing 1-9,text,true,,231,158,12,12,http://127.0.0.1:8081/?token=518499015&user=-1355216422&config=3,2651,0,0
1776968861268,2841,Request,200,OK,Stress Testing 1-8,text,true,,231,158,12,12,http://127.0.0.1:8081/?token=518499015&user=-1355216422&config=3,2840,0,0
1776968859978,4131,Request,200,OK,Stress Testing 1-11,text,false,"The operation lasted too long: It took 4,131 milliseconds, but should not have lasted longer than 3,000 milliseconds.",231,158,12,12,http://127.0.0.1:8081/?token=518499015&user=-1355216422&config=3,4131,0,1
1776968862127,3238,Request,200,OK,Stress Testing 1-6,text,false,"The operation lasted too long: It took 3,238 milliseconds, but should not have lasted longer than 3,000 milliseconds.",231,158,13,13,http://127.0.0.1:8081/?token=518499015&user=-1355216422&config=3,3238,0,0
1776968861329,4036,Request,200,OK,Stress Testing 1-1,text,false,"The operation lasted too long: It took 4,036 milliseconds, but should not have lasted longer than 3,000 milliseconds.",231,158,13,13,http://127.0.0.1:8081/?token=518499015&user=-1355216422&config=3,4036,0,0
1776968861697,3668,Request,200,OK,Stress Testing 1-7,text,false,"The operation lasted too long: It took 3,668 milliseconds, but should not have lasted longer than 3,000 milliseconds.",231,158,13,13,http://127.0.0.1:8081/?token=518499015&user=-1355216422&config=3,3668,0,0
1776968862556,3456,Request,200,OK,Stress Testing 1-5,text,false,"The operation lasted too long: It took 3,456 milliseconds, but should not have lasted longer than 3,000 milliseconds.",231,158,13,13,http://127.0.0.1:8081/?token=518499015&user=-1355216422&config=3,3456,0,0
1776968862988,3024,Request,200,OK,Stress Testing 1-4,text,false,"The operation lasted too long: It took 3,024 milliseconds, but should not have lasted longer than 3,000 milliseconds.",231,158,13,13,http://127.0.0.1:8081/?token=518499015&user=-1355216422&config=3,3024,0,0
1776968863406,2920,Request,200,OK,Stress Testing 1-10,text,true,,231,158,13,13,http://127.0.0.1:8081/?token=518499015&user=-1355216422&config=3,2920,0,0
1776968863414,2912,Request,200,OK,Stress Testing 1-3,text,true,,231,158,13,13,http://127.0.0.1:8081/?token=518499015&user=-1355216422&config=3,2912,0,0
1776968863839,3435,Request,200,OK,Stress Testing 1-9,text,false,"The operation lasted too long: It took 3,435 milliseconds, but should not have lasted longer than 3,000 milliseconds.",231,158,13,13,http://127.0.0.1:8081/?token=518499015&user=-1355216422&config=3,3435,0,0
1776968863844,3430,Request,200,OK,Stress Testing 1-2,text,false,"The operation lasted too long: It took 3,430 milliseconds, but should not have lasted longer than 3,000 milliseconds.",231,158,13,13,http://127.0.0.1:8081/?token=518499015&user=-1355216422&config=3,3430,0,0
1776968864112,4417,Request,200,OK,Stress Testing 1-11,text,false,"The operation lasted too long: It took 4,417 milliseconds, but should not have lasted longer than 3,000 milliseconds.",231,158,14,14,http://127.0.0.1:8081/?token=518499015&user=-1355216422&config=3,4417,0,0
1776968864270,4260,Request,200,OK,Stress Testing 1-8,text,false,"The operation lasted too long: It took 4,260 milliseconds, but should not have lasted longer than 3,000 milliseconds.",231,158,14,14,http://127.0.0.1:8081/?token=518499015&user=-1355216422&config=3,4260,0,0
1776968865367,3801,Request,200,OK,Stress Testing 1-1,text,false,"The operation lasted too long: It took 3,801 milliseconds, but should not have lasted longer than 3,000 milliseconds.",231,158,14,14,http://127.0.0.1:8081/?token=518499015&user=-1355216422&config=3,3801,0,0
1776968865368,3800,Request,200,OK,Stress Testing 1-6,text,false,"The operation lasted too long: It took 3,800 milliseconds, but should not have lasted longer than 3,000 milliseconds.",231,158,14,14,http://127.0.0.1:8081/?token=518499015&user=-1355216422&config=3,3800,0,0
1776968865367,3801,Request,200,OK,Stress Testing 1-7,text,false,"The operation lasted too long: It took 3,801 milliseconds, but should not have lasted longer than 3,000 milliseconds.",231,158,14,14,http://127.0.0.1:8081/?token=518499015&user=-1355216422&config=3,3801,0,0
1776968862546,6622,Request,200,OK,Stress Testing 1-12,text,false,"The operation lasted too long: It took 6,622 milliseconds, but should not have lasted longer than 3,000 milliseconds.",231,158,14,14,http://127.0.0.1:8081/?token=518499015&user=-1355216422&config=3,6622,0,2
1776968866014,3466,Request,200,OK,Stress Testing 1-4,text,false,"The operation lasted too long: It took 3,466 milliseconds, but should not have lasted longer than 3,000 milliseconds.",231,158,14,14,http://127.0.0.1:8081/?token=518499015&user=-1355216422&config=3,3466,0,0
1776968866014,3466,Request,200,OK,Stress Testing 1-5,text,false,"The operation lasted too long: It took 3,466 milliseconds, but should not have lasted longer than 3,000 milliseconds.",231,158,14,14,http://127.0.0.1:8081/?token=518499015&user=-1355216422&config=3,3466,0,0
1776968866410,3717,Request,200,OK,Stress Testing 1-3,text,false,"The operation lasted too long: It took 3,717 milliseconds, but should not have lasted longer than 3,000 milliseconds.",231,158,14,14,http://127.0.0.1:8081/?token=518499015&user=-1355216422&config=3,3717,0,0
1776968866407,3720,Request,200,OK,Stress Testing 1-10,text,false,"The operation lasted too long: It took 3,720 milliseconds, but should not have lasted longer than 3,000 milliseconds.",231,158,14,14,http://127.0.0.1:8081/?token=518499015&user=-1355216422&config=3,3720,0,0
1776968867276,4721,Request,200,OK,Stress Testing 1-2,text,false,"The operation lasted too long: It took 4,721 milliseconds, but should not have lasted longer than 3,000 milliseconds.",231,158,15,15,http://127.0.0.1:8081/?token=518499015&user=-1355216422&config=3,4721,0,0
1776968867276,4721,Request,200,OK,Stress Testing 1-9,text,false,"The operation lasted too long: It took 4,721 milliseconds, but should not have lasted longer than 3,000 milliseconds.",231,158,15,15,http://127.0.0.1:8081/?token=518499015&user=-1355216422&config=3,4721,0,0
1776968868531,4425,Request,200,OK,Stress Testing 1-11,text,false,"The operation lasted too long: It took 4,425 milliseconds, but should not have lasted longer than 3,000 milliseconds.",231,158,16,16,http://127.0.0.1:8081/?token=518499015&user=-1355216422&config=3,4425,0,0
1776968868531,4425,Request,200,OK,Stress Testing 1-8,text,false,"The operation lasted too long: It took 4,425 milliseconds, but should not have lasted longer than 3,000 milliseconds.",231,158,16,16,http://127.0.0.1:8081/?token=518499015&user=-1355216422&config=3,4425,0,0
1776968865121,7836,Request,200,OK,Stress Testing 1-13,text,false,"The operation lasted too long: It took 7,836 milliseconds, but should not have lasted longer than 3,000 milliseconds.",231,158,16,16,http://127.0.0.1:8081/?token=518499015&user=-1355216422&config=3,7836,0,2
1776968869170,3797,Request,200,OK,Stress Testing 1-1,text,false,"The operation lasted too long: It took 3,797 milliseconds, but should not have lasted longer than 3,000 milliseconds.",231,158,16,16,http://127.0.0.1:8081/?token=518499015&user=-1355216422&config=3,3797,0,0
1776968869170,3797,Request,200,OK,Stress Testing 1-6,text,false,"The operation lasted too long: It took 3,797 milliseconds, but should not have lasted longer than 3,000 milliseconds.",231,158,16,16,http://127.0.0.1:8081/?token=518499015&user=-1355216422&config=3,3797,0,0
1776968869170,3798,Request,200,OK,Stress Testing 1-7,text,false,"The operation lasted too long: It took 3,798 milliseconds, but should not have lasted longer than 3,000 milliseconds.",231,158,16,16,http://127.0.0.1:8081/?token=518499015&user=-1355216422&config=3,3798,0,0
1776968869170,3798,Request,200,OK,Stress Testing 1-12,text,false,"The operation lasted too long: It took 3,798 milliseconds, but should not have lasted longer than 3,000 milliseconds.",231,158,16,16,http://127.0.0.1:8081/?token=518499015&user=-1355216422&config=3,3798,0,0
1776968869482,4131,Request,200,OK,Stress Testing 1-5,text,false,"The operation lasted too long: It took 4,131 milliseconds, but should not have lasted longer than 3,000 milliseconds.",231,158,16,16,http://127.0.0.1:8081/?token=518499015&user=-1355216422&config=3,4130,0,0
1776968869482,4131,Request,200,OK,Stress Testing 1-4,text,false,"The operation lasted too long: It took 4,131 milliseconds, but should not have lasted longer than 3,000 milliseconds.",231,158,16,16,http://127.0.0.1:8081/?token=518499015&user=-1355216422&config=3,4130,0,0
1776968870130,5679,Request,200,OK,Stress Testing 1-3,text,false,"The operation lasted too long: It took 5,679 milliseconds, but should not have lasted longer than 3,000 milliseconds.",231,158,17,17,http://127.0.0.1:8081/?token=518499015&user=-1355216422&config=3,5679,0,0
1776968870130,5679,Request,200,OK,Stress Testing 1-10,text,false,"The operation lasted too long: It took 5,679 milliseconds, but should not have lasted longer than 3,000 milliseconds.",231,158,17,17,http://127.0.0.1:8081/?token=518499015&user=-1355216422&config=3,5679,0,0
1776968867692,8117,Request,200,OK,Stress Testing 1-14,text,false,"The operation lasted too long: It took 8,117 milliseconds, but should not have lasted longer than 3,000 milliseconds.",231,158,17,17,http://127.0.0.1:8081/?token=518499015&user=-1355216422&config=3,8117,0,2
1776968871998,4765,Request,200,OK,Stress Testing 1-2,text,false,"The operation lasted too long: It took 4,765 milliseconds, but should not have lasted longer than 3,000 milliseconds.",231,158,17,17,http://127.0.0.1:8081/?token=518499015&user=-1355216422&config=3,4764,0,0
1776968871998,4764,Request,200,OK,Stress Testing 1-9,text,false,"The operation lasted too long: It took 4,764 milliseconds, but should not have lasted longer than 3,000 milliseconds.",231,158,17,17,http://127.0.0.1:8081/?token=518499015&user=-1355216422&config=3,4764,0,0
1776968872957,3816,Request,200,OK,Stress Testing 1-11,text,false,"The operation lasted too long: It took 3,816 milliseconds, but should not have lasted longer than 3,000 milliseconds.",231,158,17,17,http://127.0.0.1:8081/?token=518499015&user=-1355216422&config=3,3816,0,0
1776968872957,3816,Request,200,OK,Stress Testing 1-13,text,false,"The operation lasted too long: It took 3,816 milliseconds, but should not have lasted longer than 3,000 milliseconds.",231,158,17,17,http://127.0.0.1:8081/?token=518499015&user=-1355216422&config=3,3816,0,0
1776968872957,3816,Request,200,OK,Stress Testing 1-8,text,false,"The operation lasted too long: It took 3,816 milliseconds, but should not have lasted longer than 3,000 milliseconds.",231,158,17,17,http://127.0.0.1:8081/?token=518499015&user=-1355216422&config=3,3816,0,0
1776968872968,4768,Request,200,OK,Stress Testing 1-12,text,false,"The operation lasted too long: It took 4,768 milliseconds, but should not have lasted longer than 3,000 milliseconds.",231,158,17,17,http://127.0.0.1:8081/?token=518499015&user=-1355216422&config=3,4768,0,0
1776968872968,4768,Request,200,OK,Stress Testing 1-6,text,false,"The operation lasted too long: It took 4,768 milliseconds, but should not have lasted longer than 3,000 milliseconds.",231,158,17,17,http://127.0.0.1:8081/?token=518499015&user=-1355216422&config=3,4768,0,0
1776968872968,4768,Request,200,OK,Stress Testing 1-7,text,false,"The operation lasted too long: It took 4,768 milliseconds, but should not have lasted longer than 3,000 milliseconds.",231,158,17,17,http://127.0.0.1:8081/?token=518499015&user=-1355216422&config=3,4768,0,0
1776968872968,4768,Request,200,OK,Stress Testing 1-1,text,false,"The operation lasted too long: It took 4,768 milliseconds, but should not have lasted longer than 3,000 milliseconds.",231,158,17,17,http://127.0.0.1:8081/?token=518499015&user=-1355216422&config=3,4768,0,0
1776968873615,6003,Request,200,OK,Stress Testing 1-4,text,false,"The operation lasted too long: It took 6,003 milliseconds, but should not have lasted longer than 3,000 milliseconds.",231,158,18,18,http://127.0.0.1:8081/?token=518499015&user=-1355216422&config=3,6003,0,0
1776968873614,6006,Request,200,OK,Stress Testing 1-5,text,false,"The operation lasted too long: It took 6,006 milliseconds, but should not have lasted longer than 3,000 milliseconds.",231,158,18,18,http://127.0.0.1:8081/?token=518499015&user=-1355216422&config=3,6006,0,0
1776968870264,9354,Request,200,OK,Stress Testing 1-15,text,false,"The operation lasted too long: It took 9,354 milliseconds, but should not have lasted longer than 3,000 milliseconds.",231,158,18,18,http://127.0.0.1:8081/?token=518499015&user=-1355216422&config=3,9354,0,1
1776968875809,5073,Request,200,OK,Stress Testing 1-3,text,false,"The operation lasted too long: It took 5,073 milliseconds, but should not have lasted longer than 3,000 milliseconds.",231,158,19,19,http://127.0.0.1:8081/?token=518499015&user=-1355216422&config=3,5073,0,0
1776968875810,5072,Request,200,OK,Stress Testing 1-14,text,false,"The operation lasted too long: It took 5,072 milliseconds, but should not have lasted longer than 3,000 milliseconds.",231,158,19,19,http://127.0.0.1:8081/?token=518499015&user=-1355216422&config=3,5072,0,0
1776968875810,5072,Request,200,OK,Stress Testing 1-10,text,false,"The operation lasted too long: It took 5,072 milliseconds, but should not have lasted longer than 3,000 milliseconds.",231,158,19,19,http://127.0.0.1:8081/?token=518499015&user=-1355216422&config=3,5072,0,0
1776968876766,4431,Request,200,OK,Stress Testing 1-2,text,false,"The operation lasted too long: It took 4,431 milliseconds, but should not have lasted longer than 3,000 milliseconds.",231,158,19,19,http://127.0.0.1:8081/?token=518499015&user=-1355216422&config=3,4431,0,0
1776968876765,4432,Request,200,OK,Stress Testing 1-9,text,false,"The operation lasted too long: It took 4,432 milliseconds, but should not have lasted longer than 3,000 milliseconds.",231,158,19,19,http://127.0.0.1:8081/?token=518499015&user=-1355216422&config=3,4432,0,0
1776968876775,5380,Request,200,OK,Stress Testing 1-13,text,false,"The operation lasted too long: It took 5,380 milliseconds, but should not have lasted longer than 3,000 milliseconds.",231,158,19,19,http://127.0.0.1:8081/?token=518499015&user=-1355216422&config=3,5380,0,0
1776968876775,5380,Request,200,OK,Stress Testing 1-11,text,false,"The operation lasted too long: It took 5,380 milliseconds, but should not have lasted longer than 3,000 milliseconds.",231,158,19,19,http://127.0.0.1:8081/?token=518499015&user=-1355216422&config=3,5380,0,0
1776968872828,9327,Request,200,OK,Stress Testing 1-16,text,false,"The operation lasted too long: It took 9,327 milliseconds, but should not have lasted longer than 3,000 milliseconds.",231,158,19,19,http://127.0.0.1:8081/?token=518499015&user=-1355216422&config=3,9327,0,1
1776968876776,5379,Request,200,OK,Stress Testing 1-8,text,false,"The operation lasted too long: It took 5,379 milliseconds, but should not have lasted longer than 3,000 milliseconds.",231,158,19,19,http://127.0.0.1:8081/?token=518499015&user=-1355216422&config=3,5379,0,0
1776968877739,5978,Request,200,OK,Stress Testing 1-7,text,false,"The operation lasted too long: It took 5,978 milliseconds, but should not have lasted longer than 3,000 milliseconds.",231,158,20,20,http://127.0.0.1:8081/?token=518499015&user=-1355216422&config=3,5978,0,0
1776968877739,5978,Request,200,OK,Stress Testing 1-1,text,false,"The operation lasted too long: It took 5,978 milliseconds, but should not have lasted longer than 3,000 milliseconds.",231,158,20,20,http://127.0.0.1:8081/?token=518499015&user=-1355216422&config=3,5978,0,0
1776968877739,5979,Request,200,OK,Stress Testing 1-6,text,false,"The operation lasted too long: It took 5,979 milliseconds, but should not have lasted longer than 3,000 milliseconds.",231,158,20,20,http://127.0.0.1:8081/?token=518499015&user=-1355216422&config=3,5979,0,0
1776968877739,5979,Request,200,OK,Stress Testing 1-12,text,false,"The operation lasted too long: It took 5,979 milliseconds, but should not have lasted longer than 3,000 milliseconds.",231,158,20,20,http://127.0.0.1:8081/?token=518499015&user=-1355216422&config=3,5979,0,0
1776968879620,5674,Request,200,OK,Stress Testing 1-4,text,false,"The operation lasted too long: It took 5,674 milliseconds, but should not have lasted longer than 3,000 milliseconds.",231,158,20,20,http://127.0.0.1:8081/?token=518499015&user=-1355216422&config=3,5673,0,0
1776968879620,5674,Request,200,OK,Stress Testing 1-15,text,false,"The operation lasted too long: It took 5,674 milliseconds, but should not have lasted longer than 3,000 milliseconds.",231,158,20,20,http://127.0.0.1:8081/?token=518499015&user=-1355216422&config=3,5673,0,0
1776968879620,5679,Request,200,OK,Stress Testing 1-5,text,false,"The operation lasted too long: It took 5,679 milliseconds, but should not have lasted longer than 3,000 milliseconds.",231,158,20,20,http://127.0.0.1:8081/?token=518499015&user=-1355216422&config=3,5679,0,0
1776968875401,9902,Request,200,OK,Stress Testing 1-17,text,false,"The operation lasted too long: It took 9,902 milliseconds, but should not have lasted longer than 3,000 milliseconds.",231,158,20,20,http://127.0.0.1:8081/?token=518499015&user=-1355216422&config=3,9902,0,1
1776968880882,4429,Request,200,OK,Stress Testing 1-14,text,false,"The operation lasted too long: It took 4,429 milliseconds, but should not have lasted longer than 3,000 milliseconds.",231,158,20,20,http://127.0.0.1:8081/?token=518499015&user=-1355216422&config=3,4428,0,0
1776968880882,4428,Request,200,OK,Stress Testing 1-10,text,false,"The operation lasted too long: It took 4,428 milliseconds, but should not have lasted longer than 3,000 milliseconds.",231,158,20,20,http://127.0.0.1:8081/?token=518499015&user=-1355216422&config=3,4428,0,0
1776968880882,4428,Request,200,OK,Stress Testing 1-3,text,false,"The operation lasted too long: It took 4,428 milliseconds, but should not have lasted longer than 3,000 milliseconds.",231,158,20,20,http://127.0.0.1:8081/?token=518499015&user=-1355216422&config=3,4428,0,0
1776968881196,5686,Request,200,OK,Stress Testing 1-2,text,false,"The operation lasted too long: It took 5,686 milliseconds, but should not have lasted longer than 3,000 milliseconds.",231,158,21,21,http://127.0.0.1:8081/?token=518499015&user=-1355216422&config=3,5686,0,0
1776968881196,5687,Request,200,OK,Stress Testing 1-9,text,false,"The operation lasted too long: It took 5,687 milliseconds, but should not have lasted longer than 3,000 milliseconds.",231,158,21,21,http://127.0.0.1:8081/?token=518499015&user=-1355216422&config=3,5687,0,0
1776968882155,6915,Request,200,OK,Stress Testing 1-8,text,false,"The operation lasted too long: It took 6,915 milliseconds, but should not have lasted longer than 3,000 milliseconds.",231,158,22,22,http://127.0.0.1:8081/?token=518499015&user=-1355216422&config=3,6915,0,0
1776968882155,6916,Request,200,OK,Stress Testing 1-11,text,false,"The operation lasted too long: It took 6,916 milliseconds, but should not have lasted longer than 3,000 milliseconds.",231,158,22,22,http://127.0.0.1:8081/?token=518499015&user=-1355216422&config=3,6916,0,0
1776968882157,6914,Request,200,OK,Stress Testing 1-16,text,false,"The operation lasted too long: It took 6,914 milliseconds, but should not have lasted longer than 3,000 milliseconds.",231,158,22,22,http://127.0.0.1:8081/?token=518499015&user=-1355216422&config=3,6914,0,0
1776968877976,11096,Request,200,OK,Stress Testing 1-18,text,false,"The operation lasted too long: It took 11,096 milliseconds, but should not have lasted longer than 3,000 milliseconds.",231,158,22,22,http://127.0.0.1:8081/?token=518499015&user=-1355216422&config=3,11096,0,1
1776968882155,6915,Request,200,OK,Stress Testing 1-13,text,false,"The operation lasted too long: It took 6,915 milliseconds, but should not have lasted longer than 3,000 milliseconds.",231,158,22,22,http://127.0.0.1:8081/?token=518499015&user=-1355216422&config=3,6915,0,0
1776968883717,6019,Request,200,OK,Stress Testing 1-12,text,false,"The operation lasted too long: It took 6,019 milliseconds, but should not have lasted longer than 3,000 milliseconds.",231,158,22,22,http://127.0.0.1:8081/?token=518499015&user=-1355216422&config=3,6019,0,0
1776968883717,6019,Request,200,OK,Stress Testing 1-7,text,false,"The operation lasted too long: It took 6,019 milliseconds, but should not have lasted longer than 3,000 milliseconds.",231,158,22,22,http://127.0.0.1:8081/?token=518499015&user=-1355216422&config=3,6019,0,0
1776968883717,6021,Request,200,OK,Stress Testing 1-6,text,false,"The operation lasted too long: It took 6,021 milliseconds, but should not have lasted longer than 3,000 milliseconds.",231,158,22,22,http://127.0.0.1:8081/?token=518499015&user=-1355216422&config=3,6021,0,0
1776968880544,9194,Request,200,OK,Stress Testing 1-19,text,false,"The operation lasted too long: It took 9,194 milliseconds, but should not have lasted longer than 3,000 milliseconds.",231,158,22,22,http://127.0.0.1:8081/?token=518499015&user=-1355216422&config=3,9194,0,1
1776968883717,6018,Request,200,OK,Stress Testing 1-1,text,false,"The operation lasted too long: It took 6,018 milliseconds, but should not have lasted longer than 3,000 milliseconds.",231,158,22,22,http://127.0.0.1:8081/?token=518499015&user=-1355216422&config=3,6018,0,0
1776968885297,4759,Request,200,OK,Stress Testing 1-15,text,false,"The operation lasted too long: It took 4,759 milliseconds, but should not have lasted longer than 3,000 milliseconds.",231,158,22,22,http://127.0.0.1:8081/?token=518499015&user=-1355216422&config=3,4759,0,0
1776968885301,4755,Request,200,OK,Stress Testing 1-5,text,false,"The operation lasted too long: It took 4,755 milliseconds, but should not have lasted longer than 3,000 milliseconds.",231,158,22,22,http://127.0.0.1:8081/?token=518499015&user=-1355216422&config=3,4755,0,0
1776968885296,4760,Request,200,OK,Stress Testing 1-4,text,false,"The operation lasted too long: It took 4,760 milliseconds, but should not have lasted longer than 3,000 milliseconds.",231,158,22,22,http://127.0.0.1:8081/?token=518499015&user=-1355216422&config=3,4760,0,0
1776968885302,4754,Request,200,OK,Stress Testing 1-17,text,false,"The operation lasted too long: It took 4,754 milliseconds, but should not have lasted longer than 3,000 milliseconds.",231,158,22,22,http://127.0.0.1:8081/?token=518499015&user=-1355216422&config=3,4754,0,0
1776968885312,6313,Request,200,OK,Stress Testing 1-10,text,false,"The operation lasted too long: It took 6,313 milliseconds, but should not have lasted longer than 3,000 milliseconds.",231,158,23,23,http://127.0.0.1:8081/?token=518499015&user=-1355216422&config=3,6313,0,0
1776968885312,6313,Request,200,OK,Stress Testing 1-14,text,false,"The operation lasted too long: It took 6,313 milliseconds, but should not have lasted longer than 3,000 milliseconds.",231,158,23,23,http://127.0.0.1:8081/?token=518499015&user=-1355216422&config=3,6313,0,0
1776968885312,6313,Request,200,OK,Stress Testing 1-3,text,false,"The operation lasted too long: It took 6,313 milliseconds, but should not have lasted longer than 3,000 milliseconds.",231,158,23,23,http://127.0.0.1:8081/?token=518499015&user=-1355216422&config=3,6313,0,0
1776968886885,7852,Request,200,OK,Stress Testing 1-9,text,false,"The operation lasted too long: It took 7,852 milliseconds, but should not have lasted longer than 3,000 milliseconds.",231,158,24,24,http://127.0.0.1:8081/?token=518499015&user=-1355216422&config=3,7852,0,0
1776968886885,7852,Request,200,OK,Stress Testing 1-2,text,false,"The operation lasted too long: It took 7,852 milliseconds, but should not have lasted longer than 3,000 milliseconds.",231,158,24,24,http://127.0.0.1:8081/?token=518499015&user=-1355216422&config=3,7852,0,0
1776968889072,6948,Request,200,OK,Stress Testing 1-11,text,false,"The operation lasted too long: It took 6,948 milliseconds, but should not have lasted longer than 3,000 milliseconds.",231,158,25,25,http://127.0.0.1:8081/?token=518499015&user=-1355216422&config=3,6948,0,0
1776968889072,6948,Request,200,OK,Stress Testing 1-8,text,false,"The operation lasted too long: It took 6,948 milliseconds, but should not have lasted longer than 3,000 milliseconds.",231,158,25,25,http://127.0.0.1:8081/?token=518499015&user=-1355216422&config=3,6948,0,0
1776968889072,6948,Request,200,OK,Stress Testing 1-13,text,false,"The operation lasted too long: It took 6,948 milliseconds, but should not have lasted longer than 3,000 milliseconds.",231,158,25,25,http://127.0.0.1:8081/?token=518499015&user=-1355216422&config=3,6948,0,0
1776968889072,6949,Request,200,OK,Stress Testing 1-18,text,false,"The operation lasted too long: It took 6,949 milliseconds, but should not have lasted longer than 3,000 milliseconds.",231,158,25,25,http://127.0.0.1:8081/?token=518499015&user=-1355216422&config=3,6949,0,0
1776968883117,12904,Request,200,OK,Stress Testing 1-20,text,false,"The operation lasted too long: It took 12,904 milliseconds, but should not have lasted longer than 3,000 milliseconds.",231,158,25,25,http://127.0.0.1:8081/?token=518499015&user=-1355216422&config=3,12904,0,2
1776968889072,6949,Request,200,OK,Stress Testing 1-16,text,false,"The operation lasted too long: It took 6,949 milliseconds, but should not have lasted longer than 3,000 milliseconds.",231,158,25,25,http://127.0.0.1:8081/?token=518499015&user=-1355216422&config=3,6949,0,0
1776968889738,6294,Request,200,OK,Stress Testing 1-7,text,false,"The operation lasted too long: It took 6,294 milliseconds, but should not have lasted longer than 3,000 milliseconds.",231,158,25,25,http://127.0.0.1:8081/?token=518499015&user=-1355216422&config=3,6294,0,0
1776968889741,6291,Request,200,OK,Stress Testing 1-1,text,false,"The operation lasted too long: It took 6,291 milliseconds, but should not have lasted longer than 3,000 milliseconds.",231,158,25,25,http://127.0.0.1:8081/?token=518499015&user=-1355216422&config=3,6291,0,0
1776968889740,6293,Request,200,OK,Stress Testing 1-19,text,false,"The operation lasted too long: It took 6,293 milliseconds, but should not have lasted longer than 3,000 milliseconds.",231,158,25,25,http://127.0.0.1:8081/?token=518499015&user=-1355216422&config=3,6293,0,0
1776968889740,6292,Request,200,OK,Stress Testing 1-6,text,false,"The operation lasted too long: It took 6,292 milliseconds, but should not have lasted longer than 3,000 milliseconds.",231,158,25,25,http://127.0.0.1:8081/?token=518499015&user=-1355216422&config=3,6292,0,0
1776968889738,6294,Request,200,OK,Stress Testing 1-12,text,false,"The operation lasted too long: It took 6,294 milliseconds, but should not have lasted longer than 3,000 milliseconds.",231,158,25,25,http://127.0.0.1:8081/?token=518499015&user=-1355216422&config=3,6294,0,0
1776968890058,6654,Request,200,OK,Stress Testing 1-15,text,false,"The operation lasted too long: It took 6,654 milliseconds, but should not have lasted longer than 3,000 milliseconds.",231,158,25,25,http://127.0.0.1:8081/?token=518499015&user=-1355216422&config=3,6654,0,0
1776968890058,6654,Request,200,OK,Stress Testing 1-4,text,false,"The operation lasted too long: It took 6,654 milliseconds, but should not have lasted longer than 3,000 milliseconds.",231,158,25,25,http://127.0.0.1:8081/?token=518499015&user=-1355216422&config=3,6654,0,0
1776968885687,11024,Request,200,OK,Stress Testing 1-21,text,false,"The operation lasted too long: It took 11,024 milliseconds, but should not have lasted longer than 3,000 milliseconds.",231,158,25,25,http://127.0.0.1:8081/?token=518499015&user=-1355216422&config=3,11024,0,1
1776968890058,6654,Request,200,OK,Stress Testing 1-17,text,false,"The operation lasted too long: It took 6,654 milliseconds, but should not have lasted longer than 3,000 milliseconds.",231,158,25,25,http://127.0.0.1:8081/?token=518499015&user=-1355216422&config=3,6654,0,0
1776968890058,6654,Request,200,OK,Stress Testing 1-5,text,false,"The operation lasted too long: It took 6,654 milliseconds, but should not have lasted longer than 3,000 milliseconds.",231,158,25,25,http://127.0.0.1:8081/?token=518499015&user=-1355216422&config=3,6654,0,0
